Version:,1.0.0
AB,A21FDA23EFF46ACF62474BC9E6CA7810,5156
other\number_font.ab,B14B66E76484D4890B9471E99B78DF46,1107
other\number_font_0.ab,574A08955A4059ADF51246644961027E,22693
pic\0.ab,F4533540645451D495857C8AF0DF34F7,3998
pic\001.ab,3BAF7FB228B6851499E9F495F0E98CE7,259450
pic\1.ab,C311225B33217E8464DA18509AAD0183,3702
pic\2.ab,573EACA5E5F23DB4B700A26572989350,3588
pic\3.ab,05D0E618637A4240BDCFA057CD045BDC,3832
pic\4.ab,8057074EA9B23F06B316A93AAFE911D5,3772
pic\5.ab,8AA8FC683C7FAE73908FE5B626A79449,3811
pic\6.ab,B42008ECB249936B38917B34F37163E1,3887
pic\7.ab,74F171D683E5DE7AE94DA6D30B991286,3313
pic\784393_01.ab,48532A277283D8A6879758136470002E,216992
pic\8.ab,6B6B3FD84DAF48476172B1C428560DAB,3890
pic\9.ab,658FC27EE6423A46020E10B5ECF1D493,4033
pic\b4759e0352af24224c5bddd88442de6a.ab,F655D51D86189DE97D348291066171C6,304830
pic\bg.ab,FDEC49620FBF052E59CC25F9136382F8,662480
pic\bg_个人信息--弹框.ab,DF486ED9A8F8177C4B80B358CAE1924B,67261
pic\bg_公告底.ab,B1EA98351C2D38C41C741986FAC78A58,56589
pic\bg_售出价格.ab,71A6DB353C7C466D4E19C04A2E4E6510,3165
pic\bg_弹框.ab,EE28333123261AC68F29C1CFA2FD286F,90593
pic\bg_注册.ab,3595D5D6CBC2B861E7B8822D9B79F14D,310175
pic\bg_经验条短.ab,D2C8C192773251FE69A7920C7A17B808,3184
pic\bg_经验条长.ab,B632BE6FBDFC1ED8E699DF9DCDAF8128,3227
pic\bg_背包.ab,278BAA182892572BEB9CEB3B59C4B237,119094
pic\bg_装备详情.ab,9F92908A91B2760F6C5C4ED6A9B5C2F9,67251
pic\bg_角色.ab,5AD29560925FEB6E7F941A7B5347E131,258962
pic\bg_角色_生命.ab,63C00A362F13901E26B3DB24CDD29346,3181
pic\bg_角色_详细信息.ab,B2CE2B8C407B224F4EF89B57F0C4742A,7520
pic\bg_进入游戏底板.ab,88EFC3BBF33375796B2AA53764BAAB56,31400
pic\bg_选服底.ab,7AA508E90F0FC9E4696E7D8628D527EE,172858
pic\bg_道具.ab,9329414D49C89CD8B80FE0872DFA745C,19970
pic\bg_金币.ab,052A837487906B538B321E7A97216B2D,26925
pic\btn_2返回1.ab,8DF18948D29D62C0BCBA307E8D539AD5,20114
pic\btn_2返回2.ab,D08AA920A1AB360012C50D0FA7C3828F,19619
pic\btn_2返回3.ab,38CE711A5A725DC61BA0004B13C430AE,19060
pic\btn_2返回4.ab,BE7C0E59032455CB8FC8460C79F502BB,13930
pic\btn_公共蓝1.ab,F3B177BDA91CE9AE8AC91544D5019CFF,47962
pic\btn_公共蓝2.ab,982B83B9609874247DB36B30259BBE48,46490
pic\btn_公共蓝3.ab,01F4ACF15A4935CC9910C37A695257AD,41880
pic\btn_公共蓝4.ab,5956A9227671D9400C73638E65B7651F,18356
pic\btn_关闭1.ab,7AB7DE8B150454C7995305BBB6865755,6738
pic\btn_关闭2.ab,14991AFE1054EB6C13291E627928108C,6799
pic\btn_关闭3.ab,995EC4C67A760BECC27C115FAFCA3E90,6630
pic\btn_关闭4.ab,831BE305982A3EA44F467B39541A24C3,6446
pic\btn_出售1.ab,67ACB69C5DDB41F26514D822B97DE28B,12029
pic\btn_出售2.ab,0951ECF6193C4EE6DC9CFD4938337A08,12048
pic\btn_出售3.ab,A5521FBEE4FF20CEB01C1610040B15BF,12587
pic\btn_出售4.ab,9FAE4F980FFC88C789149C1CAA2C4CFB,8509
pic\btn_加号1-拷贝-2.ab,F2F4F39CCE25AC9FB3F11D5783CE988B,5512
pic\btn_加号1-拷贝-3.ab,FD26F41A9BB16CBA50133E42E89D8D78,4129
pic\btn_加号1-拷贝.ab,90D293332E2FBFFFD470E9AA72705EF0,5478
pic\btn_加号1.ab,28A8E05E6BC5D2044F2A73DF81BBDAB6,5619
pic\btn_加号2.ab,B2725FB69C6F0ACDB7FA816D549D85DE,5495
pic\btn_加号3.ab,4644B126353B45CD71A5CACF5D92AE3A,5505
pic\btn_加号4.ab,524EA6A8A1D1C5F934BA302BE29BEDA8,4159
pic\btn_弹框1.ab,C01121D95B15E74F8E3CF36FAEEEAA6E,13233
pic\btn_弹框2.ab,A6A3CD60AC8B37409C28ED5135BEB6CF,12839
pic\btn_弹框3.ab,AAC77708CB4A64A6F0C7B344E0CEBBF7,12500
pic\btn_弹框4.ab,9A8EBF93AEE18DA97BEAB89179290FD5,8908
pic\btn_改名1.ab,8669F1AAC236D92D25F9CFE0458FB144,19859
pic\btn_改名2.ab,4CE1939C43BD1D357BD303434007FA5C,18626
pic\btn_改名3.ab,303E1BA00D3AF6B1059B3C1D7CD73434,18252
pic\btn_改名4.ab,9D1C386612965256F989A77379DF81B1,9495
pic\btn_整理1.ab,839E064F298DD805D7C0538715A09A29,20058
pic\btn_整理2.ab,85950E0B405A73FD76C976E3214EF397,19218
pic\btn_整理3.ab,2F9239358809062D7F910DBF15DBD64F,18625
pic\btn_整理4.ab,6D998922B12EB0D9BAF018D43F381F2E,9548
pic\btn_流畅3.ab,8079CDC62590F555A279FA52D2BA42AD,10250
pic\btn_流畅4.ab,D6DCACAF42DBDFA239E14D9A9092BC52,7675
pic\btn_深蓝1.ab,4D08789B51E843845F5DFB44DEEC3E45,15213
pic\btn_深蓝4.ab,816DAEAABA736BEC21F4F240148BF668,9055
pic\btn_火爆3.ab,9F64BA68F83E179B813138980E21C8F2,9762
pic\btn_火爆4.ab,4441A54C8D5BD79B4716A4325A391BE5,7190
pic\btn_红1.ab,1D53C1D04676FC8C9706A4332F7C75C3,36610
pic\btn_红2.ab,E5056C226B7F700CB5C22C5A374328BF,36095
pic\btn_红3.ab,978203B9F90580A9365BD6F5BAE43D26,31963
pic\btn_红4.ab,FACD822DC1CCF8D214BD932121829614,18615
pic\btn_装备1.ab,6C853034DE944C0CFE64717C1D23B1D9,20166
pic\btn_装备2.ab,F04991186E67FC0F652D52E6877F59B6,19599
pic\btn_装备3.ab,61A6C2ED9B92611679C77DFFA605C53A,18132
pic\btn_装备4.ab,D3AFA2829739F76B418EA50F14CEA0BA,9768
pic\btn_详细信息1.ab,E6C3AB983D4EE4A24C33885A331AF7EA,22087
pic\btn_详细信息2.ab,B035C8875AAADEA4C9A6395B310BFBB2,21799
pic\btn_详细信息3.ab,45FB34EA0E1957D954A322223BAEDF0F,20708
pic\btn_详细信息4.ab,11C300887343772AF2A48A2B7DBD0FA4,11689
pic\combo.ab,72FA0E69295B51B7F464878E3441282C,7803
pic\loading_bg.ab,74BD5546BDEBA64FAAF9658655406C5B,283655
pic\logon_bg.ab,05796F57E38A61D39C861E36A4A5C99F,326843
pic\map_bg.ab,DAF4510CDE47CD83BAB585B92104AAE3,736721
pic\nan1.ab,B9E9199DAE08437096565E5FF64726A3,6398
pic\nan2.ab,F7E4BAA41F34D871D6BC893F408CE243,6542
pic\nan3.ab,D00703881CC19FD0D941BC8E7199C950,6434
pic\nan4.ab,D3D1D014B01A6E5A4697196C7D3A4DAD,6128
pic\nv1.ab,2975C4D7081E029416653BFFC9CD4F66,6189
pic\nv2.ab,7A061F6444C2B4376572E533FB3F1FEA,6871
pic\nv3.ab,C1E5FAF688EA9F8A07A23692F754420D,6355
pic\nv4.ab,C5D9C78ED21B03D412DD42B9B8874E3B,7041
pic\pic_logo.ab,CCF9BBA296F6C147940096E1E195BDCB,38806
pic\pic_个人信息.ab,6C7A84D5AC4C22F95DAEC142C93D6662,64880
pic\pic_云1.ab,E04630FF61DD15860E56119FD3E4397E,25853
pic\pic_云2.ab,B378302AE992278343F83C6F4D2D3E95,41208
pic\pic_人物.ab,D54AE4659CF7440612140E9381B521F0,201060
pic\pic_传说.ab,7438DA9F0D426057E10E956CC9F22A5E,7481
pic\pic_体力.ab,B696AB0BE0DEA10D3422FEFB5FBAD874,4100
pic\pic_信息底.ab,70B192D8F65B75B845D63F752270673C,9844
pic\pic_历练.ab,AEF337693B553F888976EB7A14FE9B60,4103
pic\pic_天使.ab,B51ACF9FFA354BCB3A1AB10BB922D191,7219
pic\pic_已装备.ab,F6A2F26D5AACCE8E79C8EFF66DCEEECD,6283
pic\pic_星星.ab,91734B544ADB8F27450D6E91DFB05261,4312
pic\pic_注册输入框.ab,31CACE27B2F065CE51ECC9993A15A1C5,3466
pic\pic_深蓝.ab,F71F7582368EA6B8519F1ED5D5557240,28504
pic\pic_线.ab,A06893684E8D9EA471482BCBF6E27615,3870
pic\pic_经验条短.ab,767166E1A78F6D0D3BE5785101EBBD84,4493
pic\pic_经验条长.ab,06220C72AFF44F70DA47581A723E42D7,4684
pic\pic_脚下云1.ab,9C5EAEAAA01F7F0B0995349EBF0D8D33,74476
pic\pic_脚下云2.ab,7CBC8D66B68BD341E8BEA7B7B1B315CC,85549
pic\pic_进度人物.ab,81CC2308CCDF88FEBF21AD96F8DAE5C1,651500
pic\pic_进度条.ab,5291043D7ABDF519370A94847452389C,14486
pic\pic_进度条底.ab,4B431CAB51D3F4A30DE810F92EAED99C,11262
pic\pic_进度条特效.ab,AD616849E04F570084D868D0C4095325,4095
pic\star-灰色.ab,E4337D966311F6736688166A9840D8C1,4211
pic\star-黄色.ab,86B5517F9ECCC1C02ABD1FE6FC9D8903,6565
pic\任务.ab,762062E366604BFD7DA40EC9D6DB634F,15504
pic\商城.ab,7CAFE769231807219538049885B75A85,19250
pic\地图-普通.ab,6F0130B7A8BFB6E6DED5B1B726E7E36C,44387
pic\地图-箱子.ab,B792C760D7DCE5E91864A5C6A2DC79B3,27390
pic\地图-精英.ab,DBDCDEA06280DB0C8240AB2FE4F809DA,8605
pic\大体力丹.ab,07FBC0EE0ABC304BF3DF361C25C7FFD4,10817
pic\头像底板女性.ab,5A9B5E36A136D1952BDDA367BF39A8C5,22642
pic\头像底板男性.ab,86194BFA3978C2AF53A8B899FEBC20EE,22362
pic\女性 靴子 (2).ab,1F772C3CA4B1905D77470975BEC65309,20768
pic\女性帽子 (2).ab,581253FEAD63408AEFD179707A531C01,18924
pic\女性戒指 (1).ab,482409E881CBA8A97C591E6867B96573,19633
pic\女性手镯 (2).ab,94B2D0EFB59F33561649426AF173526B,22142
pic\女性武器 (2).ab,263BFE9C2FACD604CCE9902CA0652769,14612
pic\女性盔甲 (2).ab,CD667E7ABDCCAF114FA9C90F55C0D4AF,26170
pic\女性翅膀 (2).ab,1FA51681C7DA6882AFB3C709718D6FAD,15954
pic\女性项链 (1).ab,6D0260C7B8CEC5696EDCA589AB8CF47E,17896
pic\宝箱.ab,DB9EB14B4983B54C23DAA68A9F091EA4,16527
pic\小体力丹.ab,34C3F122F006CE25F21A7083BD1F92CE,9483
pic\战斗.ab,6FF602D6830793848636145D7FF1492F,13759
pic\技能.ab,272D81BE7EDB521481122662BC9F8B60,14754
pic\深蓝2.ab,FB34A00A621193197A0DD79045C7F9FD,15286
pic\深蓝3.ab,7411506976F803FECDF4D55AF834A6EF,13519
pic\男性 手镯  (2).ab,F148149BD46D5430E8BDB45EBA3D9246,21954
pic\男性头盔 (2).ab,074DDB1ACA47E657E13D25CE2E92AE4E,17253
pic\男性戒指 (2).ab,21CCAF59B063E0EB5B2D9FD9C9C2B0D3,17732
pic\男性武器 (2).ab,85C491CD44F9ADA22FCE31062F97BF1E,19851
pic\男性盔甲 (2).ab,B60EC78016632C0A597F0887FD6D5FB0,24466
pic\男性翅膀 (1).ab,A45C341FA5D57BB0B4ECBCC81F733540,14084
pic\男性靴子 (2).ab,5ADB6401849F24EABACF490969620C94,24432
pic\男性项链 (2).ab,CFBE8547177ACEC4F7ED80E80D827E1A,19681
pic\系统.ab,AAD531F3D8DC66DA7881BFAC4EB61365,14156
pic\背包.ab,CC7D619AA863581B993F89FA58B073A4,15896
pic\金币.ab,6F66FD1A5B8889974B2D5B26A5EDA120,6257
pic\钻石.ab,1B01A573B5367D3C2DF40501B809F69B,6237
prefab\uiassets.ab,B1DA0B7D8825573038EDCAF2F9690701,5582
prefab\uilog.ab,B363B0E8C25C8E0B994A4A8ABC43E64A,7845
prefab\uiserver.ab,BDE9E7F29FF5ABEC33023B992418C99E,4471
prefab\uisign.ab,C9A50E71EF9910630FA981FB911F25CB,7555
